name	fullname(JP)	fullname(EN)	ID	realname(JP)	dangerlevel	VF(JP)	sex	age	birthday(MM-DD)	family	height	hometown	remarks(JP)
Eleven	シァ・ズーシュェン	Xia Zixuan	19M-RFT39	シァ・ズーシュェン	E	食品摂取を通じた再生能力の増幅	F	17	11-11	father, mother	155	China	["https://playeternalreturn.com/posts/news/2361"]
つばめ	橘 つばめ	Tsubame Tachibana	23M-RFT73	橘 つばめ	D	身体強化、忍術	F	17	02-21	none	157	Japan(G)	[]
アイザック	アイザック・コーベル	Issac Caubert	22M-RFT62	アイザック・コーベル	C	身体強化および武器硬化	M	51	09-09	none	184	N/A	[]
アイソル	アイソル(マルセロ)	Isol(Marcelo)	15M-RFT16	マルセロ	C	特定の状況下における知的能力および身体能力の向上と火力の強化	M	16	03-14	unknown	167	Brazil	["実際の誕生日は不明"]
アディナ	アディナ・サヴィッチ	Adina Savić	22M-RFT55	アディナ・サヴィッチ	E	天体投影・予知	F	22	09-24	grandmother, father, mother	156	Spain	[]
アデラ	アデラ・グロ	Adela Gro	17M-RFT28	アデラ・グロ	D	VF放出および具現化	F	25	01-30	grandfather, father(missing), mother(missing)	167	Norway	[]
アドリアナ	アドリアナ・リベーラ	Adriana Rivera	17M-RFT29	アドリアナ・リベーラ	B	発火と延焼	F	22	12-07	father, mother	169	UK	[]
アビゲイル	アビゲイル・ロック	Abigail Locke	23M-RFT70	アビゲイル・ロック	E	VF亀裂の生成および通過	F	18	08-23	none	159	N/A	["https://playeternalreturn.com/posts/news/1337", "https://playeternalreturn.com/posts/news/1375"]
アヤ	鈴木 アヤ	Suzuki Aya	14M-RFT11	鈴木 アヤ	C	軌道歪曲および精密射撃	F	26	04-05	younger brother	161	Japan	[]
アルダ	アルダ・エヴレン	Arda Evren	16M-RFT24	アルダ・エヴレン	E	遺物感応	M	29	10-07	father, mother	179	Turkey	[]
アレックス	アレックス・パジノフ	Alex Pajitnov	14M-RFT13	アレックス・パジノフ	A	身体強化および神経攪乱	M	-1	12-26	father(unkown), mother(missing)	178	Russia	["誕生日は虚偽と推定"]
アロンソ	アロンソ・フェルナンデス	Alonso Fernández	23M-RFT71	アロンソ・フェルナンデス	E	磁力活用	M	59	07-04	wife	189	Spain(G)	["https://playeternalreturn.com/posts/news/1420", "https://playeternalreturn.com/posts/news/1471"]
イアン	イ・アン	Ly Anh	23M-RFT66	イ・アン	A	事物に固着したVFへの感応	F	22	06-18	none	160	N/A	[]
イシュトヴァーン	シモン・イシュトヴァーン	Simon István	25M-RFT83	シモン・イシュトヴァーン	E	自分に関わる未来の可能性を捉えて具現化する能力	M	29	11-05	father, mother	189	Hungary(G)	["https://playeternalreturn.com/posts/news/2594"]
イレム	イレム	Irem	22M-RFT64	イレム	D	細胞再配列による種族変換	F	-1	10-29	none	150	N/A	[]
ウィリアム	ウィリアム・ベンソン	William Benson	14M-RFT05	ウィリアム・ベンソン	E	身体強化および揚力調節	M	28	02-01	father, younger brother	185	USA	[]
エイデン	カール・ベケット	Carl Beckett	21M-RFT50	カール・ベケット	B	生体電気の増幅および放出	M	27	05-12	father, mother, younger brother(2), younger sister(2)	191	USA	["https://playeternalreturn.com/posts/news/2494"]
エキオン	エキオン	Echion	14M-RFT44	ディラン・エヴァンス	B	VF義手の制御	M	21	11-01	none	183	N/A	[]
エステル	エステル・マルティネク	Estelle Martinek	22M-RFT58	エステル・マルティネク	E	身体強化および放熱	F	27	12-24	father, mother, younger brother(2), younger sister	161	Germany	[]
エマ	エマ・ハーディ	Emma Hardy	18M-RFT38	エマ・ハーディ	E	VF運用および認知体系の攪乱	F	21	09-02	grandfather, father, mother	164	USA	["祖父は母方の特記あり"]
エレナ	エレナ・ヤルヴィネン	Elena Jarvinen	22M-RFT52	エレナ・ヤルヴィネン	D	温度低下および結氷現象の誘導	F	20	12-03	older brother, older sister	165	Finland	[]
エヴァ	エヴァ	Eva	02M-RF42	ウェンディ・ジョン	B	VF放出およびテレキネシス	F	17	04-10	none	164	USA	[]
カティア	カティア・ヘルツ	Katja Hertz	24M-RFT75	カティア・ヘルツ	D	百発百中の射撃能力	F	19	12-17	none	160	Germany(G)	["https://playeternalreturn.com/posts/news/1722", "https://playeternalreturn.com/posts/news/1758"]
カミロ	カミロ・フェルナンデス・カブレラ	Camilo Fernández Cabrera	16M-RFT25	カミロ・フェルナンデス・カブレラ	D	身体強化および高揚感を通じたVF増幅	M	21	07-06	father, mother, older sister(dead)	184	Spain	[]
カーラ	カーラ・リカイオス	Karla	22M-RFT57	カーラ・リカイオス	C	銛の操作	F	19	08-01	father, mother	168	N/A	[]
ガーネット	ガーネット	Garnet	24M-RFT79	ガーネット	C	超再生、生体代謝の恒常性維持	F	20	01-15	none	157	N/A	["https://playeternalreturn.com/posts/news/2128"]
キアラ	キアラ	Chiara	16M-RFT21	キアラ	B	VF放出および身体変異	F	21	02-08	none	167	France	[]
キャッシー	キャッシー・ハギンス	Cathy Huggins	14M-RFT14	キャッシー・ハギンス	B	細胞再生干渉	F	32	05-02	none	169	Canada	[]
クレイヴァー	クレイヴァー	Craver	26M-RFT92	M1873	A	触れた者の意識を乗っ取る能力	M	24	06-12	none	184	N/A	["https://playeternalreturn.com/posts/news/3639", “"https://playeternalreturn.com/posts/news/3644", "https://playeternalreturn.com/posts/news/3651"]
クロエ	クロエ・リム	Chloe Lim	20M-RFT46	クロエ・リム	B	糸状のVF放出	F	24	06-28	father, mother	165	Singapore	[]
ケネス	ケネス	Kenneth	24M-RFT74	ケネス	E	感情を炎へと変換可能	M	18	08-17	none	168	N/A	["https://playeternalreturn.com/posts/news/1640", "https://playeternalreturn.com/posts/news/1665"]
コラライン	コラライン・クインシー	Coraline Quincy	26M-RFT90	コラライン・クインシー	B	光の操作	F	19	09-28	father, mother, older brother, yonger sister	164	USA(G)	["https://event.playeternalreturn.com/ER/CHARACTER&SKIN?hl=ja-JP","https://playeternalreturn.com/posts/news/3433","https://playeternalreturn.com/posts/news/3437"]
ザヒル	ザヒル・シン	Zahir Singh	14M-RFT03	ザヒル・シン	B	念動力による重力の制御	M	18	03-29	none	175	India	[]
シウカイ	ズオ・シウカイ	Zuo XiuKai	14M-RFT09	ズオ・シウカイ	D	食品栄養成分の操作および熱エネルギー干渉	M	34	08-03	none	187	China	[]
シセラ	シセラ・カイル	Sissela Kyle	17M-RFT27	シセラ・カイル	B	極端な細胞再生、苦痛転移	F	16	01-19	father(missing), mother	153	Sweden	[]
シャーロット	シャーロット・ロイス	Charlotte Ruisch	24M-RFT76	シャーロット・ロイス	E	VF放出と傷の治療	F	18	09-17	father(missing), mother(missing)	165	Netherlands(G)	["https://playeternalreturn.com/posts/news/1804"]
シュリン	柳 雪琳	Liǔ Xuělín	25M-RFT85	リウ・シュリン	E	剣を自由自在に操る能力	F	22	07-01	father, mother	168	China(G)	["https://playeternalreturn.com/posts/news/2845"]
シルヴィア	シルヴィア・ピケ	Silvia Piquet	16M-RFT19	シルヴィア・ピケ	E	身体強化および加速力操作	F	23	07-29	grandfather, mother(missing)	166	Argentina	[]
ジェニー	ジェニー・シンクレア	Jenny Sinclair	14M-RFT07	ジェニー・シンクレア	E	身体強化、身体復元	F	23	11-30	father, mother	167	USA	[]
ジャッキー	ジャッキー・クィルト	Jackie Quilt	06M-RF01	アンジェラ・ウィンスレア	A	身体強化、アドレナリンコントロール	F	22	12-25	none	167	UK	[]
スア	クォン・スア	Sua Gweon	17M-RFT33	クォン・スア	E	物語の具現化	F	28	08-07	father, mother	159	Korea	[]
セリーヌ	セリーヌ・マリー・ノエル	Celine Marie Noel	21M-RFT48	セリーヌ・マリー・ノエル	D	設計の把握および再構成	F	24	10-03	father, mother	167	USA	[]
タジア	タジア・カラブレイジ	Tazia Calabresi	22M-RFT63	タジア・カラブレイジ	B	ガラス結晶の形成および操作	F	30	09-09	father, mother	165	Italy	[]
ダイリン	李 黛琳	Li Dailin	16M-RFT20	リ・ダイリン	D	身体強化およびVF置換	F	26	04-11	uncle(missing)	165	China	["https://playeternalreturn.com/posts/news/3248"]
ダニエル	ダニエル・レビン	Daniel Levin	19M-RFT40	ダニエル・レビン	B	切断と追跡	M	23	01-17	none	185	Canada	[]
ダルコ	ダルコ・ヨヴァノヴィッチ	Darko Jovanović	24M-RFT77	ダルコ・ヨヴァノヴィッチ	C	価値あるものを奪い去る能力	M	24	09-12	father	185	Servia(G)	["https://playeternalreturn.com/posts/news/1938"]
ティア	ピーラヤー・サハコスモル	Peeraya SahassaKomol	21M-RFT51	ピーラヤー・サハスコモル	D	色彩の現象具現	F	22	03-16	father, mother	156	Thailand	[]
テオドール	テオドール・ボネール	Theodore Bonnaire	23M-RFT65	テオドール・ボネール	E	弾道干渉および操縦	M	27	03-24	father, mother	181	N/A	[]
デビー	デビー・カールソン	Debi Karlsson	23M-RFT68	デビー・カールソン	D	相互VF増幅、身体強化	F	20	06-11	father	164	Sweden(G)	["https://playeternalreturn.com/posts/news/1258", "https://playeternalreturn.com/posts/news/1267"]
マーリン	マーリン・カールソン	Marlene Karlsson	23M-RFT69	マーリン・カールソン	D	相互VF増幅、身体強化	F	20	06-11	father	164	Sweden(G)	["See Debi."]
ナタポン	ナタポン・リアムライ	Nathapon Liamlai	17M-RFT30	ナタポン・リアムライ	E	カメラの機能を実現する能力	M	24	06-22	father, mother	175	Thailand	[]
ナディン	ナディン・チャンドラウィナタ	Nadine Chandrawinata	14M-RFT10	ナディン・チャンドラウィナタ	D	身体強化と野生との交感	F	21	07-16	adoptive father, adoptive mother	178	Indonesia	[]
ニア	ニア・ヘラー	"Nia ""NiaH"" Heller"	25M-RFT84	ニア・ヘラー	B	想像の具現化および現実操作	F	19	09-12	father	148	France(G)	["https://playeternalreturn.com/posts/news/2670"]
ニッキー	ニッキー・ブレーク	Nicky Blake	20M-RFT43	ニッキー・ブレーク	D	感情による身体強化	F	19	08-08	father, mother	157	Australia	[]
ハート	ハート・フロイド	Hart Floyd	16M-RFT22	ハート・フロイド	E	音粒子の増幅および神経系への干渉	F	23	08-31	father, younger brother	175	USA	[]
バニス	バニス・ボルトン	Bernice Bolton	16M-RFT26	バニス・ボルトン	D	身体強化、五感増幅	M	42	02-14	none	173	South Africa	[]
バーバラ	バーバラ・エレンバイン	Barbara Erlenwein	16M-RFT15	バーバラ・エレンバイン	D	機械回路の把握および遠隔操作	F	36	10-13	none	165	Germany	[]
ヒスイ	ヒスイ	Hisui	24M-RFT81	ヒスイ	D	剣の元の主が持っていた技や能力を真似る力	F	18	01-02	none	164	Japan(G)	["https://playeternalreturn.com/posts/news/2362"]
ヒョヌ	ジャン・ヒョヌ	Hyunwoo Jang	14M-RFT04	ジャン・ヒョヌ	D	身体強化	M	17	09-08	father, mother	174	Korea	[]
ビアンカ	アピチャヤ・チャイパタマ	Apichaya Chaipattama	20M-RFT45	アピチャヤ・チャイパタマ	E	血液操作	F	17	01-09	father, mother, older brother(2)	149	Thailand	[]
ビヒョン	ビヒョン	Bihyung	26M-RFT91	ビヒョン	E	身体強化、トッケビの力、神力の使用	F	19	05-25	grandmother, father, mother	171	Korea(G)	["https://playeternalreturn.com/posts/news/3545", "https://playeternalreturn.com/posts/news/3550”, “https://playeternalreturn.com/posts/news/3565"]
ピオロ	ピオロ・バレステロス	Piolo Ballesteros	22M-RFT59	ピオロ・バレステロス	E	身体強化	M	20	07-23	none	172	Spain(G)	[]
フィオラ	フィオラ・ペレリン	Fiora Pellerin	14M-RFT02	フィオラ・ペレリン	E	身体強化および弱点捕捉	F	24	06-10	mother	158	Italy	[]
フェリックス	フェリックス・グリーン	Felix Green	22M-RFT53	フェリックス・グリーン	E	身体強化および敏捷性増幅	M	20	05-07	none	175	N/A	[]
フェンリル	フェンリル	Fenrir	26M-RFT89	フェンリル	D	身体に融合した機械操作	M	3	10-04	none	160	N/A	["https://event.playeternalreturn.com/ER/CHARACTER&SKIN?hl=ja-JP","https://playeternalreturn.com/posts/news/3323", "https://playeternalreturn.com/posts/news/3335"]
ブレア	ブレア・アッシュ	Blair Ash	25M-RFT87	ブレア・アッシュ	D	身体能力強化、VF能力者追跡	F	24	04-08	father	170	UK(G)	["https://playeternalreturn.com/posts/news/3096"]
プリヤ	プリヤ・パンデイ	Priya Panday	22M-RFT54	プリヤ・パンデイ	E	VF周波数による植物操作	F	17	03-04	grandmother, father, mother, older brother(2), younger sister	163	India	[]
ヘイズ	ヘイズ	Haze	22M-RFT61	(抹消)	C	物体の保存および召喚	F	20	11-14	father, mother	169	N/A	[]
ヘジン	イ・ヘジン	Hyejin Lee	14M-RFT12	イ・ヘジン	E	神気運用・厄運転嫁	F	18	10-30	grandmother, father, mother	163	Korea	[]
ヘンリー	ヘンリー・コンスタン	Henry Constant	25M-RFT86	ヘンリー・コンスタン	B	局所的な時間歪曲	M	120	04-18	wife(dead)	173	UK(G)	["https://playeternalreturn.com/posts/news/2976", "年齢は最低の推定値"]
マイ	トラン・クィン・マイ	Trần Quỳnh Mai	16M-RFT34	トラン・クィン・マイ	E	VFによる衣服強化	F	20	11-29	father, mother	166	Vietnam	[]
マグヌス	マグヌス・スコット	Magnus Scott	15M-RFT18	マグヌス・スコット	C	身体強化および硬化	M	34	04-30	none	192	USA	[]
マルティナ	マルティナ・ロッセリーニ	Martina Rossellini	22M-RFT60	マルティナ・ロッセリーニ	D	光の屈折像の蓄積および歪曲・増幅	F	42	05-03	none	171	Italy	[]
マーカス	ビル・マーカス・カールソン	Bill Markus Karlsson	22M-RFT56	ビル・マーカス・カールソン	D	身体強化および筋肉の肥大化	M	28	04-20	none	203	N/A	[]
ミルカ	ミルカ	Mirka	25M-RFT88	ミルカ	D	衝撃吸収	F	24	03-20	younger brother	149.6	N/A(G)	["https://playeternalreturn.com/posts/news/3201", "https://playeternalreturn.com/posts/news/3201", "https://event.playeternalreturn.com/ER/CHARACTER&SKIN?hl=ja-JP", "生物学的な誕生日は不明"]
ヤン	ヤン・レイカルト	Jan Rijkaard	18M-RFT35	ヤン・レイカルト	D	身体強化および身体高揚	M	25	02-20	father, younger brother	188	Netherlands	[]
ユスティナ	ユスティナ・イスクラ	Justyna Iskra	25M-RFT82	ユスティナ・イスクラ	C	VFエネルギー放出・投射	F	18	07-28	father, mother	159	N/A	["https://playeternalreturn.com/posts/news/2499"]
ユミン	ユミン	Yumin	24M-RFT80	ユミン	E	気流操作	M	21	05-29	none	182	N/A	["https://playeternalreturn.com/posts/news/2218"]
ヨハン	ハン・ジョンミン	Jeongmin Han	21M-RFT47	ハン・ジョンミン	E	VF活性促進および浄化	M	30	01-31	mother	174	Korea	[]
ラウラ	セレネ・ネレア	Selena Nerea	21M-RFT49	セレネ・ネレア	C	柔軟性の強化および瞬間機動	F	27	06-05	none	171	Spain	[]
ルク	ルク	Luke (Łuk)	18M-RFT36	ルカシュ・レヴァンドフスキ	B	身体強化およびサイコメトリー	M	27	02-29	adoptive father	177	Poland	["誕生日は虚偽"]
ルチア	ルチア・ジェンマ・ディ・フェランテ	Lucia Gemma di Ferrante	26M-RFT93	ルチア・ジェンマ・ディ・フェランテ	D	特定物質の生成とコントロール、VF放出	F	18		father, older sister, older brother(2)	147	Italy(G)	["https://playeternalreturn.com/posts/news/3758", "https://playeternalreturn.com/posts/news/3765", "https://playeternalreturn.com/posts/news/3777"]
レオン	レオン・アスキン	Leon Askin	15M-RFT17	レオン・アスキン	E	水分の構成および操作	M	25	07-22	father, mother, older sister(2)	188	Australia	[]
レニ	ヘレナ・ローゼンタール	Helena Rosenthal	23M-RFT72	ヘレナ・ローゼンタール	E	思考内の物体の具現化、成長抑制	F	16	05-09	father(missing)	145	Germany(G)	["https://playeternalreturn.com/posts/news/1506", "https://playeternalreturn.com/posts/news/1539"]
レノア	レノア・ラング	Lenore Lang	24M-RFT78	レノア・ラング	A	音を媒介としたVF放出	F	26	12-31	none	170	USA(G)	["https://playeternalreturn.com/posts/news/2010"]
レノックス	レノックス	Lenox	17M-RFT32	ベロニカ・ルッソ	E	身体強化およびVF外部可用	F	26	10-27	none	170	Austria	[]
ロッジ	ロッジ	Rozzi	18M-RFT37	イザベラ	D	身体強化、火器の火力上昇	F	20	03-14	unknown	165	Brazil	["実際の誕生日は不明"]
ヴァーニャ	ヴァーニャ・ナボコバ	Vanya Naboova	23M-RFT67	ヴァーニャ・ナボコバ	C	幻想を蝶として具現化する能力	F	16	02-02	father, mother	158	N/A	[]
彰一	東 彰一	Azuma Shoichi	16M-RFT23	東 彰一	D	敏捷性強化	M	33	03-15	grandfather, grandmother, wife(dead), daughter	179	Japan	[]
莉央	南 莉央	Minami Rio	19M-RFT41	南 莉央	E	身体強化および的中能力	F	18	12-15	father, mother, older sister	166	Japan	[]
雪	佐藤 雪	Sato Yuki	17M-RFT31	佐藤 雪	E	身体強化および安定維持	M	18	01-01	father, mother, older sister	171	Japan	[]
